"","county","swing","change_query_incidence","state","lat_long.lon","lat_long.lat"
"1","YUMA", 3.036527e-02,-32,"ARIZONA",-114.62769,  32.69265
"2","YUMA", 7.457776e-03,-32,"COLORADO",-102.72521,  40.12221
"3","DALE",-2.813888e-02,  0,"ALABAMA", -85.68458,  31.46453
"4","LAUDERDALE", 4.716091e-02,  0,"ALABAMA", -87.65811,  34.88409
"5","MIAMI",-1.046375e-01,  0,"INDIANA", -86.10649,  40.61405
"6","MIAMI", 6.028824e-02,  0,"KANSAS", -94.81060,  38.63817
"7","LAUDERDALE",-2.351548e-02,  0,"MISSISSIPPI", -88.51171,  32.52085
"8","MIAMI", 1.160680e-02,  0,"OHIO", -84.73449,  39.50875
"9","LAUDERDALE",NA,  0,"TENNESSEE", -89.66281,  35.78388
"10","LAUDERDALE",NA,  0,"TENNESSEE", -89.66281,  35.78388
"11","BROWN",-6.421663e-02, 26,"ILLINOIS", -90.71527,  39.93796
"12","ALLEN", 2.006034e-02, 26,"INDIANA", -85.02335,  41.09326
"13","BROWN",-2.455662e-02, 26,"INDIANA", -86.17518,  39.17497
"14","ALLEN",-9.381917e-02, 26,"KANSAS", -96.16972,  38.65612
"15","BROWN",-5.952920e-02, 26,"KANSAS", -95.47778,  39.77005
"16","ALLEN",-2.512914e-03, 26,"KENTUCKY", -82.72797,  37.61005
"17","ALLEN", 1.485094e-01, 26,"LOUISIANA", -93.28833,  31.83528
"18","BROWN",-3.316882e-02, 26,"MINNESOTA", -94.64503,  44.22944
"19","BROWN",-7.155222e-02, 26,"NEBRASKA", -99.99123,  42.50529
"20","ALLEN",-6.256849e-02, 26,"OHIO", -84.14351,  40.76995
"21","BROWN",-3.674844e-02, 26,"OHIO", -84.08016,  40.13739
"22","BROWN",-1.110275e-01, 26,"SOUTH DAKOTA", -98.25427,  45.75815
"23","BROWN",NA, 26,"SOUTH DAKOTA", -98.25427,  45.75815
"24","BROWN", 1.789097e-02, 26,"TEXAS", -98.92453,  31.77051
"25","BROWN",-1.895469e-02, 26,"WISCONSIN", -87.93348,  44.45617
"26","BROWN",NA, 26,"WISCONSIN", -87.93348,  44.45617
"27","ALPENA",NA,-39,"MICHIGAN", -83.43275,  45.06168
"28","ALPENA",-2.412728e-02,-39,"MICHIGAN", -83.43275,  45.06168
"29","WASHINGTON", 8.500061e-02, -9,"ALABAMA", -88.24612,  31.34223
"30","WASHINGTON", 6.180678e-02, -9,"ARKANSAS", -93.68302,  33.77484
"31","WASHINGTON", 1.027668e-02, -9,"COLORADO",-102.98962,  40.06374
"32","WASHINGTON", 6.453791e-02, -9,"FLORIDA", -85.68458,  30.54874
"33","WASHINGTON",NA, -9,"GEORGIA", -82.73931,  33.73679
"34","WASHINGTON",NA, -9,"GEORGIA", -82.73931,  33.73679
"35","WASHINGTON",-3.349392e-02, -9,"IDAHO",-116.75486,  44.36587
"36","WASHINGTON",-3.455084e-02, -9,"ILLINOIS", -89.40731,  40.70365
"37","WASHINGTON",-3.511029e-02, -9,"INDIANA", -87.17279,  38.65922
"38","WASHINGTON",-3.882859e-02, -9,"IOWA", -91.69164,  41.30141
"39","WASHINGTON",-5.705329e-02, -9,"KANSAS", -97.05086,  39.81806
"40","WASHINGTON", 3.055768e-03, -9,"KENTUCKY", -83.80850,  38.61615
"41","WASHINGTON", 4.439213e-02, -9,"LOUISIANA", -92.05706,  30.61631
"42","WASHINGTON",NA, -9,"MAINE", -69.36766,  44.27356
"43","WASHINGTON",NA, -9,"MAINE", -69.36766,  44.27356
"44","WASHINGTON",-1.455858e-02, -9,"MARYLAND", -77.69942,  39.61305
"45","WASHINGTON",NA, -9,"MINNESOTA", -92.88014,  45.18815
"46","WASHINGTON",NA, -9,"MINNESOTA", -92.88014,  45.18815
"47","WASHINGTON", 1.912727e-01, -9,"MISSISSIPPI", -91.29928,  31.57878
"48","WASHINGTON",NA, -9,"MISSOURI", -91.01209,  38.55811
"49","WASHINGTON", 4.685117e-02, -9,"MISSOURI", -91.01209,  38.55811
"50","WASHINGTON",-1.849246e-02, -9,"NEBRASKA", -96.20808,  41.39750
"51","WASHINGTON",NA, -9,"NEW YORK", -73.67717,  41.78757
"52","WASHINGTON",NA, -9,"NEW YORK", -73.67717,  41.78757
"53","WASHINGTON", 1.579236e-01, -9,"NORTH CAROLINA", -77.05217,  35.54655
"54","WASHINGTON",-6.511412e-03, -9,"OHIO", -83.43758,  39.53737
"55","WASHINGTON",-3.771409e-02, -9,"OKLAHOMA", -97.48448,  35.05896
"56","WASHINGTON", 6.117817e-02, -9,"OREGON",-123.13860,  45.54696
"57","WASHINGTON",NA, -9,"PENNSYLVANIA", -80.24617,  40.17396
"58","WASHINGTON",NA, -9,"PENNSYLVANIA", -80.24617,  40.17396
"59","WASHINGTON", 1.934833e-02, -9,"RHODE ISLAND", -71.66734,  41.45681
"60","WASHINGTON", 6.864663e-02, -9,"TENNESSEE", -82.51858,  36.33210
"61","WASHINGTON", 9.645564e-02, -9,"TEXAS", -96.36516,  30.23530
"62","WASHINGTON", 2.059385e-01, -9,"UTAH",-113.50829,  37.13054
"63","WASHINGTON", 3.733147e-02, -9,"VERMONT", -72.43260,  44.10562
"64","WASHINGTON", 1.506618e-01, -9,"VIRGINIA", -78.15908,  38.71343
"65","WASHINGTON", 5.690866e-02, -9,"WISCONSIN", -91.38370,  44.73805
"66","YORK", 7.501184e-02,  2,"MAINE", -70.64826,  43.16175
"67","YORK",-7.635722e-02,  2,"NEBRASKA", -97.59209,  40.86739
"68","NEW YORK",-3.688214e-02,  2,"NEW YORK", -74.00597,  40.71278
"69","YORK",-5.388550e-03,  2,"PENNSYLVANIA", -76.72696,  39.96107
"70","YORK", 2.039298e-01,  2,"SOUTH CAROLINA", -81.24202,  34.99430
"71","YORK", 2.704150e-02,  2,"VIRGINIA", -76.50967,  37.23876
"72","YORK",NA,  2,"VIRGINIA", -76.50967,  37.23876
"73","EL PASO", 3.966731e-02, 21,"COLORADO",-104.47233,  38.91083
"74","EL PASO", 1.050285e-01, 21,"TEXAS",-106.48502,  31.76188
"75","PALM BEACH", 3.849275e-02,  3,"FLORIDA", -80.03643,  26.70562
"76","PIERCE", 1.666385e-01,  3,"GEORGIA", -82.17136,  31.34381
"77","PIERCE",-3.443202e-02,  3,"NEBRASKA", -97.52672,  42.19917
"78","PIERCE",-4.555809e-03,  3,"NORTH DAKOTA",-100.69235,  46.78999
"79","PIERCE", 8.999748e-02,  3,"WASHINGTON",-122.12953,  47.06759
"80","PIERCE",NA,  3,"WISCONSIN", -87.49011,  44.53212
"81","PIERCE",NA,  3,"WISCONSIN", -87.49011,  44.53212
"82","LOS ANGELES", 1.023174e-01,  0,"CALIFORNIA",-118.24264,  34.05491
"83","GRAND",-9.199632e-04,-12,"COLORADO",-106.06402,  40.07274
"84","MONTROSE", 1.439053e-01,-12,"COLORADO",-107.87617,  38.47832
"85","GRAND",-3.217287e-02,-12,"UTAH",-109.75917,  39.08579
"86","GRAND",NA,-12,"UTAH",-109.75917,  39.08579
"87","MONTEREY", 6.165692e-02,  7,"CALIFORNIA",-121.89777,  36.59729
"88","FRESNO",NA, -3,"CALIFORNIA",-119.78712,  36.73780
"89","FRESNO",NA, -3,"CALIFORNIA",-119.78712,  36.73780
"90","HOUSTON", 6.618602e-02,  4,"ALABAMA", -87.25807,  34.14149
"91","HOUSTON", 1.063052e-01,  4,"GEORGIA", -83.63484,  32.42197
"92","HOUSTON",NA,  4,"MINNESOTA", -91.56848,  43.76330
"93","HOUSTON",NA,  4,"MINNESOTA", -91.56848,  43.76330
"94","HOUSTON",NA,  4,"TENNESSEE", -87.91781,  35.24147
"95","HOUSTON",NA,  4,"TENNESSEE", -87.91781,  35.24147
"96","HOUSTON", 3.633886e-03,  4,"TEXAS", -95.37011,  29.76008
"97","SIERRA",-9.922879e-02, 10,"CALIFORNIA",-120.25127,  39.55328
"98","SIERRA",-4.537522e-02, 10,"NEW MEXICO",-107.10119,  33.13460
"99","EUREKA", 1.246612e-01, -8,"NEVADA",-115.96078,  39.51249
"100","SAN DIEGO",NA, 14,"CALIFORNIA",-117.16108,  32.71574
"101","SAN DIEGO",NA, 14,"CALIFORNIA",-117.16108,  32.71574
"102","CHESTER", 2.081248e-02,  5,"PENNSYLVANIA", -75.35575,  39.84956
"103","CHESTER",NA,  5,"PENNSYLVANIA", -75.35575,  39.84956
"104","CHESTER",NA,  5,"SOUTH CAROLINA", -81.21426,  34.70486
"105","CHESTER",NA,  5,"SOUTH CAROLINA", -81.21426,  34.70486
"106","CHESTER", 9.496586e-02,  5,"TENNESSEE", -88.67236,  35.42709
"107","SAN FRANCISCO", 1.391008e-02, -3,"CALIFORNIA",-122.41942,  37.77493
"108","OAKLAND", 4.613094e-02, -3,"MICHIGAN", -83.33619,  42.59219
"109","SACRAMENTO", 1.339150e-01,  6,"CALIFORNIA",-121.49442,  38.57813
"110","SAC",-6.326758e-03,  6,"IOWA", -95.14321,  42.35735
"111","HARTFORD", 3.761281e-02,  7,"CONNECTICUT", -72.67337,  41.76580
"112","NEW HAVEN", 5.434616e-02,  7,"CONNECTICUT", -72.92788,  41.30827
"113","HART", 1.127369e-01,  7,"GEORGIA", -82.95016,  34.35000
"114","FORD",-4.352524e-02,  7,"ILLINOIS", -88.20716,  40.49886
"115","FORD",-1.142413e-01,  7,"KANSAS", -99.75402,  37.63613
"116","HART",-1.768868e-03,  7,"KENTUCKY", -85.84862,  37.31013
"117","PASCO",NA,  8,"FLORIDA", -82.43194,  28.32324
"118","PASCO", 4.817302e-02,  8,"FLORIDA", -82.43194,  28.32324
"119","RICHLAND",-5.123242e-02,  8,"ILLINOIS", -88.09008,  38.72128
"120","RICHLAND", 4.327755e-02,  8,"LOUISIANA", -91.79284,  32.38873
"121","RICHLAND", 9.285051e-02,  8,"MONTANA",-104.80175,  47.92005
"122","RICHLAND",-1.259890e-01,  8,"NORTH DAKOTA", -96.89587,  46.15468
"123","RICHLAND",-4.889521e-02,  8,"OHIO", -82.51858,  40.75667
"124","RICHLAND", 2.070687e-01,  8,"SOUTH CAROLINA", -80.94289,  34.04122
"125","RICH",-6.750241e-03,  8,"UTAH",-111.18912,  41.56297
"126","YAKIMA",-1.529056e-02,  8,"WASHINGTON",-120.50610,  46.60223
"127","RICHLAND",NA,  8,"WISCONSIN", -90.38679,  43.33471
"128","RICHLAND",NA,  8,"WISCONSIN", -90.38679,  43.33471
"129","TWIN FALLS", 3.820692e-03,  2,"IDAHO",-114.47005,  42.55584
"130","FALLS",-1.660454e-02,  2,"TEXAS", -97.00684,  31.16364
"131","FORD",-4.352524e-02,  2,"ILLINOIS", -88.20716,  40.49886
"132","FORD",-1.142413e-01,  2,"KANSAS", -99.75402,  37.63613
"133","BEDFORD", 4.232991e-03,  2,"PENNSYLVANIA", -78.50391,  40.01869
"134","PROVIDENCE", 6.368994e-02,  2,"RHODE ISLAND", -71.41420,  41.82456
"135","BEDFORD",NA,  2,"TENNESSEE", -86.45921,  35.47025
"136","BEDFORD", 1.231016e-01,  2,"TENNESSEE", -86.45921,  35.47025
"137","BEDFORD", 1.513820e-01,  2,"VIRGINIA", -79.52309,  37.33431
"138","BAKER", 1.242592e-01, 12,"FLORIDA", -86.68134,  30.79713
"139","BAKER",-8.049887e-02, 12,"GEORGIA", -84.48026,  31.28160
"140","BAKER",NA, 12,"GEORGIA", -84.48026,  31.28160
"141","BAKER",-6.099181e-02, 12,"OREGON",-117.83438,  44.77487
"142","BALTIMORE", 1.070728e-01,  7,"MARYLAND", -76.61041,  39.29050
"143","HONOLULU", 1.736711e-01,  5,"HAWAII",-157.85814,  21.30988
"144","DALLAS", 1.850536e-01,  3,"ALABAMA", -87.14229,  32.23321
"145","DALLAS",NA,  3,"ARKANSAS", -94.21910,  34.53594
"146","DALLAS",-1.005025e-02,  3,"ARKANSAS", -94.21910,  34.53594
"147","WORTH", 1.039739e-01,  3,"GEORGIA", -83.88971,  31.52825
"148","DALLAS", 2.207812e-01,  3,"IOWA", -93.98784,  41.61200
"149","DALLAS",NA,  3,"IOWA", -93.98784,  41.61200
"150","WORTH", 1.552268e-02,  3,"IOWA", -93.33889,  43.35807
"151","WORTH",NA,  3,"IOWA", -93.33889,  43.35807
"152","DALLAS", 2.810304e-02,  3,"MISSOURI", -93.01757,  37.68530
"153","WORTH",-2.385159e-02,  3,"MISSOURI", -94.44413,  40.40499
"154","DALLAS",NA,  3,"TEXAS", -96.79699,  32.77666
"155","DALLAS",NA,  3,"TEXAS", -96.79699,  32.77666
"156","MIDLAND",-1.039861e-02,  2,"MICHIGAN", -84.24721,  43.61558
"157","MIDLAND",-1.998483e-02,  2,"TEXAS",-102.07567,  31.99958
"158","RICHMOND", 1.919402e-01, -1,"GEORGIA", -82.08429,  33.32053
"159","RICHMOND",NA, -1,"NEW YORK", -77.53901,  42.82148
"160","RICHMOND",NA, -1,"NEW YORK", -77.53901,  42.82148
"161","RICHMOND", 9.420873e-02, -1,"NORTH CAROLINA", -79.78484,  35.00305
"162","RICHMOND",NA, -1,"NORTH CAROLINA", -79.78484,  35.00305
"163","RICH",-6.750241e-03, -1,"UTAH",-111.18912,  41.56297
"164","PETERSBURG", 3.850531e-01, -1,"VIRGINIA", -77.40193,  37.22793
"165","RICHMOND", 3.195964e-01, -1,"VIRGINIA", -77.43605,  37.54072
"166","RICHMOND",NA, -1,"VIRGINIA", -77.43605,  37.54072
"167","AUSTIN", 1.114745e-01,  4,"TEXAS", -97.74306,  30.26715
"168","PEORIA",-1.101835e-02, -8,"ILLINOIS", -89.59278,  40.69269
"169","LINCOLN",NA,  4,"ARKANSAS", -94.42347,  35.94760
"170","LINCOLN",NA,  4,"ARKANSAS", -94.42347,  35.94760
"171","LINCOLN",-5.648267e-02,  4,"COLORADO",-103.35873,  39.04575
"172","LINCOLN", 1.361772e-01,  4,"GEORGIA", -82.47902,  33.79235
"173","LINCOLN",-1.317333e-01,  4,"IDAHO",-111.96441,  43.51297
"174","LINCOLN",-1.127778e-01,  4,"KANSAS", -98.14770,  39.04033
"175","LINCOLN", 4.738802e-02,  4,"KENTUCKY", -84.64791,  37.47513
"176","LINCOLN",-2.854320e-03,  4,"LOUISIANA", -92.69839,  32.59889
"177","LINCOLN",NA,  4,"MAINE", -68.50459,  45.36221
"178","LINCOLN", 3.721856e-02,  4,"MAINE", -68.50459,  45.36221
"179","LINCOLN",NA,  4,"MINNESOTA", -94.64085,  46.21024
"180","LINCOLN",-4.219031e-02,  4,"MINNESOTA", -94.64085,  46.21024
"181","LINCOLN", 6.631300e-02,  4,"MISSISSIPPI", -90.52578,  31.53592
"182","LINCOLN", 1.520238e-01,  4,"MISSOURI", -93.33465,  38.39086
"183","LINCOLN", 1.988872e-02,  4,"MONTANA",-112.68171,  46.95494
"184","KEARNEY",-8.049719e-02,  4,"NEBRASKA", -99.08168,  40.69933
"185","LINCOLN",-2.024816e-02,  4,"NEBRASKA", -96.70258,  40.81366
"186","LINCOLN", 5.471422e-02,  4,"NEVADA",-114.52426,  37.66083
"187","LINCOLN",-1.209230e-02,  4,"NEW MEXICO",-105.38387,  33.49203
"188","LINCOLN", 1.763075e-01,  4,"NORTH CAROLINA", -81.25453,  35.47375
"189","LINCOLN",-4.200141e-02,  4,"OKLAHOMA", -96.83510,  35.63426
"190","LINCOLN",-1.447071e-02,  4,"OREGON",-123.94236,  44.60955
"191","LINCOLN", 1.435603e-01,  4,"SOUTH DAKOTA", -96.83510,  43.20269
"192","LINCOLN", 1.586511e-01,  4,"TENNESSEE", -86.62079,  35.12394
"193","LINCOLN", 8.260196e-03,  4,"WASHINGTON",-118.41499,  47.82905
"194","LINCOLN",NA,  4,"WEST VIRGINIA", -82.08429,  38.17610
"195","LINCOLN", 3.380654e-02,  4,"WEST VIRGINIA", -82.08429,  38.17610
"196","LINCOLN",NA,  4,"WISCONSIN", -87.64204,  44.61805
"197","LINCOLN",NA,  4,"WISCONSIN", -87.64204,  44.61805
"198","LINCOLN", 9.110437e-02,  4,"WYOMING",-110.52155,  42.07033
"199","DENVER", 2.341414e-01,  5,"COLORADO",-104.99025,  39.73924
"200","DAY",NA,  8,"SOUTH DAKOTA", -97.70237,  45.41675
"201","DAY",-9.039548e-02,  8,"SOUTH DAKOTA", -97.70237,  45.41675
"202","HARRIS", 1.880626e-01,  0,"GEORGIA", -84.85679,  32.70327
"203","HARRISON",-2.166378e-02,  0,"INDIANA", -87.42222,  39.52861
"204","HARRISON",-8.007812e-02,  0,"IOWA", -95.81429,  41.69339
"205","HARRISON",-3.867546e-02,  0,"KENTUCKY", -84.35420,  38.43330
"206","HARRISON", 1.114706e-02,  0,"MISSISSIPPI", -89.01793,  30.43209
"207","HARRISON",-2.593874e-02,  0,"MISSOURI", -94.34884,  38.65334
"208","HARRISON",-3.144654e-02,  0,"OHIO", -84.79160,  39.25370
"209","HARRIS",NA,  0,"TEXAS", -95.31025,  29.77518
"210","HARRIS",NA,  0,"TEXAS", -95.31025,  29.77518
"211","HARRISON", 3.962171e-02,  0,"TEXAS", -94.31542,  32.55392
"212","HARRISONBURG",NA,  0,"VIRGINIA", -78.86978,  38.44600
"213","HARRISONBURG",NA,  0,"VIRGINIA", -78.86978,  38.44600
"214","HARRISON",NA,  0,"WEST VIRGINIA", -80.36586,  39.33481
"215","HARRISON",-4.037531e-02,  0,"WEST VIRGINIA", -80.36586,  39.33481
"216","BUTTE",-7.503003e-02,-16,"CALIFORNIA",-121.53700,  39.62540
"217","BUTTE",NA,-16,"CALIFORNIA",-121.53700,  39.62540
"218","BUTTE",-5.405405e-02,-16,"IDAHO",-113.18414,  43.64482
"219","BUTTE",-2.177476e-02,-16,"SOUTH DAKOTA",-103.70089,  44.92520
"220","RENO",-7.429366e-02, 13,"KANSAS", -95.11997,  39.05111
"221","THOMAS", 9.531996e-02,  9,"GEORGIA", -83.84730,  30.84174
"222","THOMAS",-5.658915e-02,  9,"KANSAS",-101.07118,  39.37029
"223","THOMAS",-4.054054e-02,  9,"NEBRASKA",-100.52961,  41.98821
"224","VICTORIA",-3.996352e-02,  3,"TEXAS", -97.00360,  28.80527
"225","SAN LUIS OBISPO",NA,  9,"CALIFORNIA",-120.65962,  35.28275
"226","SAN LUIS OBISPO",NA,  9,"CALIFORNIA",-120.65962,  35.28275
"227","SANTA BARBARA", 2.255728e-02,  9,"CALIFORNIA",-119.69894,  34.42028
"228","LAKE", 1.917869e-01, 14,"CALIFORNIA",-122.21320,  40.35507
"229","LAKE", 7.324517e-02, 14,"COLORADO",-100.93652,  32.34976
"230","LAKE", 1.069302e-01, 14,"FLORIDA", -81.77870,  28.70285
"231","LAKE",NA, 14,"ILLINOIS", -87.61864,  42.29046
"232","LAKE",NA, 14,"ILLINOIS", -87.61864,  42.29046
"233","LAKE", 8.591548e-02, 14,"INDIANA", -87.30161,  41.48973
"234","LAKE", 1.467785e-02, 14,"MICHIGAN", -87.22202,  43.45010
"235","LAKE",NA, 14,"MICHIGAN", -87.22202,  43.45010
"236","LAKE",-2.390044e-02, 14,"MINNESOTA", -93.83189,  43.84190
"237","LAKE",-8.746819e-03, 14,"MONTANA",-114.13392,  47.67137
"238","LAKE",NA, 14,"MONTANA",-114.13392,  47.67137
"239","LAKE",-2.831157e-02, 14,"OHIO", -81.25188,  41.98153
"240","LAKE",NA, 14,"OHIO", -81.25188,  41.98153
"241","LAKE",-5.915493e-02, 14,"OREGON",-120.56577,  42.69863
"242","LAKE", 9.988347e-03, 14,"SOUTH DAKOTA", -97.17903,  43.94668
"243","LAKE",NA, 14,"SOUTH DAKOTA", -97.17903,  43.94668
"244","LAKE",NA, 14,"TENNESSEE", -89.49312,  36.32707
"245","LAKE",-6.497890e-02, 14,"TENNESSEE", -89.49312,  36.32707
"246","SALT LAKE", 2.232022e-02, 14,"UTAH",-111.88814,  40.76056
"247","SALT LAKE",NA, 14,"UTAH",-111.88814,  40.76056
"248","PHILADELPHIA", 6.913387e-02,  8,"PENNSYLVANIA", -75.16522,  39.95258
"249","FAYETTE", 6.498375e-02, -3,"ALABAMA", -87.83085,  33.68455
"250","LAFAYETTE",NA, -3,"ARKANSAS", -93.62178,  33.25117
"251","LAFAYETTE", 3.415857e-02, -3,"ARKANSAS", -93.62178,  33.25117
"252","LAFAYETTE", 6.255639e-02, -3,"FLORIDA", -83.20776,  30.02996
"253","FAYETTE", 1.387831e-02, -3,"GEORGIA", -84.45504,  33.44863
"254","FAYETTE", 7.435334e-03, -3,"ILLINOIS", -89.01793,  39.06696
"255","FAYETTE",-7.562315e-02, -3,"INDIANA", -85.14794,  39.59204
"256","FAYETTE",NA, -3,"IOWA", -91.80211,  42.84193
"257","FAYETTE", 5.263664e-02, -3,"IOWA", -91.80211,  42.84193
"258","FAYETTE",NA, -3,"KENTUCKY", -84.48026,  38.06065
"259","FAYETTE",NA, -3,"KENTUCKY", -84.48026,  38.06065
"260","LAFAYETTE", 8.073574e-02, -3,"LOUISIANA", -92.01984,  30.22409
"261","LAFAYETTE", 1.345854e-01, -3,"MISSISSIPPI", -89.47422,  34.41870
"262","LAFAYETTE", 9.084168e-03, -3,"MISSOURI", -93.98784,  39.00313
"263","FAYETTE",-6.422252e-02, -3,"OHIO", -84.32689,  41.67338
"264","FAYETTE",NA, -3,"PENNSYLVANIA", -79.65021,  39.92723
"265","FAYETTE",NA, -3,"PENNSYLVANIA", -79.65021,  39.92723
"266","FAYETTE", 2.531396e-01, -3,"TENNESSEE", -89.47422,  35.12574
"267","FAYETTE", 5.568914e-02, -3,"TEXAS", -96.83510,  29.88964
"268","FAYETTE",NA, -3,"WEST VIRGINIA", -81.10399,  38.05289
"269","FAYETTE",NA, -3,"WEST VIRGINIA", -81.10399,  38.05289
"270","LAFAYETTE", 1.597520e-02, -3,"WISCONSIN", -90.07468,  42.62932
"271","LAFAYETTE",NA, -3,"WISCONSIN", -90.07468,  42.62932
"272","SANTA FE", 5.737160e-02,  8,"NEW MEXICO",-105.93819,  35.68943
"273","MILWAUKEE", 7.213273e-02,  1,"WISCONSIN", -87.90968,  43.04103
"274","BUFFALO",-3.503869e-02,  2,"NEBRASKA", -99.83539,  40.98917
"275","BUFFALO",-1.557669e-01,  2,"SOUTH DAKOTA",-103.54603,  45.58416
"276","BUFFALO",-5.638256e-02,  2,"WISCONSIN", -91.86336,  44.23055
"277","BUFFALO",NA,  2,"WISCONSIN", -91.86336,  44.23055
"278","JEFFERSON",NA, -5,"ALABAMA", -87.90172,  32.38596
"279","JEFFERSON",NA, -5,"ALABAMA", -87.90172,  32.38596
"280","COLUMBIA", 6.156020e-03, -5,"ARKANSAS", -93.17797,  33.12852
"281","JEFFERSON",-7.231168e-02, -5,"ARKANSAS", -92.16404,  34.38065
"282","JEFFERSON",NA, -5,"COLORADO",-105.80060,  39.37725
"283","JEFFERSON",NA, -5,"COLORADO",-105.80060,  39.37725
"284","COLUMBIA", 6.686407e-02, -5,"FLORIDA", -82.60512,  30.18127
"285","JEFFERSON",-2.540786e-02, -5,"FLORIDA", -83.88971,  30.43120
"286","JEFFERSON",NA, -5,"FLORIDA", -83.88971,  30.43120
"287","COLUMBIA", 1.318513e-01, -5,"GEORGIA", -82.25833,  33.50985
"288","JEFFERSON", 1.245601e-01, -5,"GEORGIA", -83.57239,  34.11705
"289","JEFFERSON",NA, -5,"GEORGIA", -83.57239,  34.11705
"290","JEFFERSON", 2.461262e-01, -5,"IDAHO",-112.24937,  43.76409
"291","JEFFERSON",-2.059240e-02, -5,"ILLINOIS", -88.86470,  38.22673
"292","JEFFERSON",-5.142240e-02, -5,"INDIANA", -86.59000,  40.27944
"293","JEFFERSON",NA, -5,"IOWA", -94.37742,  42.01725
"294","JEFFERSON", 3.719358e-02, -5,"IOWA", -94.37742,  42.01725
"295","JEFFERSON",-6.607529e-02, -5,"KANSAS", -95.76257,  37.10958
"296","JEFFERSON", 4.749667e-02, -5,"KENTUCKY", -85.64349,  38.19381
"297","JEFFERSON",-8.006762e-02, -5,"LOUISIANA", -90.15313,  29.96604
"298","JEFFERSON", 3.351744e-01, -5,"MISSISSIPPI", -90.98207,  31.71578
"299","JEFFERSON",NA, -5,"MISSOURI", -92.26304,  38.58923
"300","JEFFERSON", 7.885143e-02, -5,"MISSOURI", -92.26304,  38.58923
"301","JEFFERSON", 3.595774e-02, -5,"MONTANA",-112.07530,  46.14506
"302","JEFFERSON",-1.082024e-01, -5,"NEBRASKA", -97.17903,  40.16807
"303","COLUMBIA", 9.645372e-05, -5,"NEW YORK", -73.96257,  40.80754
"304","JEFFERSON",-9.827320e-02, -5,"NEW YORK", -74.61026,  42.48133
"305","JEFFERSON",NA, -5,"OHIO", -80.76981,  41.73867
"306","JEFFERSON",NA, -5,"OHIO", -80.76981,  41.73867
"307","JEFFERSON", 3.380715e-02, -5,"OKLAHOMA", -97.79061,  36.72059
"308","COLUMBIA",-2.243448e-02, -5,"OREGON",-123.03572,  45.91971
"309","COLUMBIA",NA, -5,"OREGON",-123.03572,  45.91971
"310","JEFFERSON",-1.478743e-02, -5,"OREGON",-123.01037,  44.71957
"311","COLUMBIA",-6.758718e-02, -5,"PENNSYLVANIA", -76.50441,  40.03371
"312","JEFFERSON",-1.651329e-02, -5,"PENNSYLVANIA", -80.05895,  39.93007
"313","JEFFERSON", 8.258267e-02, -5,"TENNESSEE", -83.46436,  36.04178
"314","JEFFERSON",-2.610324e-02, -5,"TEXAS", -94.34519,  32.75736
"315","JEFFERSON",NA, -5,"TEXAS", -94.34519,  32.75736
"316","COLUMBIA", 4.651163e-02, -5,"WASHINGTON",-117.81426,  46.27751
"317","JEFFERSON", 6.064676e-02, -5,"WASHINGTON",-123.30401,  47.74245
"318","JEFFERSON", 3.596259e-02, -5,"WEST VIRGINIA", -81.78041,  38.37537
"319","JEFFERSON",NA, -5,"WEST VIRGINIA", -81.78041,  38.37537
"320","COLUMBIA",NA, -5,"WISCONSIN", -89.32270,  43.40466
"321","COLUMBIA",NA, -5,"WISCONSIN", -89.32270,  43.40466
"322","JEFFERSON",-6.149828e-03, -5,"WISCONSIN", -88.80733,  43.00556
"323","JEFFERSON",NA, -5,"WISCONSIN", -88.80733,  43.00556
"324","LEXINGTON", 1.019993e-01, -3,"SOUTH CAROLINA", -81.23621,  33.98154
"325","LEXINGTON", 6.215411e-02, -3,"VIRGINIA", -79.44282,  37.78402
"326","KEOKUK",-5.036496e-02, -1,"IOWA", -91.39640,  40.40447
"327","COLUMBUS",NA, -2,"NORTH CAROLINA", -82.19706,  35.25317
"328","COLUMBUS", 1.023076e-01, -2,"NORTH CAROLINA", -82.19706,  35.25317
"329","DALE",-2.813888e-02,  5,"ALABAMA", -85.68458,  31.46453
"330","FAYETTE", 6.498375e-02,  5,"ALABAMA", -87.83085,  33.68455
"331","FAYETTE", 1.387831e-02,  5,"GEORGIA", -84.45504,  33.44863
"332","FAYETTE", 7.435334e-03,  5,"ILLINOIS", -89.01793,  39.06696
"333","FAYETTE",-7.562315e-02,  5,"INDIANA", -85.14794,  39.59204
"334","FAYETTE",NA,  5,"IOWA", -91.80211,  42.84193
"335","FAYETTE", 5.263664e-02,  5,"IOWA", -91.80211,  42.84193
"336","SMITH",-7.552743e-02,  5,"KANSAS", -98.74812,  39.73338
"337","FAYETTE",NA,  5,"KENTUCKY", -84.48026,  38.06065
"338","FAYETTE",NA,  5,"KENTUCKY", -84.48026,  38.06065
"339","SMITH", 6.797073e-02,  5,"MISSISSIPPI", -89.47422,  32.08266
"340","FAYETTE",-6.422252e-02,  5,"OHIO", -84.32689,  41.67338
"341","ROGERS", 6.984876e-02,  5,"OKLAHOMA", -95.64580,  36.38981
"342","FAYETTE",NA,  5,"PENNSYLVANIA", -79.65021,  39.92723
"343","FAYETTE",NA,  5,"PENNSYLVANIA", -79.65021,  39.92723
"344","FAYETTE", 2.531396e-01,  5,"TENNESSEE", -89.47422,  35.12574
"345","SMITH",NA,  5,"TENNESSEE", -85.97132,  36.23885
"346","SMITH",NA,  5,"TENNESSEE", -85.97132,  36.23885
"347","FAYETTE", 5.568914e-02,  5,"TEXAS", -96.83510,  29.88964
"348","SMITH", 5.347252e-02,  5,"TEXAS", -95.31025,  32.33525
"349","FAYETTE",NA,  5,"WEST VIRGINIA", -81.10399,  38.05289
"350","FAYETTE",NA,  5,"WEST VIRGINIA", -81.10399,  38.05289
"351","WICHITA",-4.519774e-02,  2,"KANSAS", -97.33822,  37.69345
"352","HUTCHINSON",-1.080299e-01,  2,"SOUTH DAKOTA", -97.69823,  43.30172
"353","HUTCHINSON",-1.104707e-01,  2,"TEXAS", -96.71305,  32.64930
"354","WICHITA",-5.840378e-02,  2,"TEXAS", -98.74812,  33.93097
"355","SIOUX", 1.074231e-02,  9,"IOWA", -96.40494,  42.49634
"356","SIOUX",-6.551298e-02,  9,"NEBRASKA",-103.72892,  42.50129
"357","SIOUX", 8.421053e-02,  9,"NORTH DAKOTA",-101.11754,  46.05120
"358","HART", 1.127369e-01,  4,"GEORGIA", -82.95016,  34.35000
"359","ELKHART",-9.595960e-03,  4,"INDIANA", -85.97352,  41.68738
"360","ELK",-4.620462e-02,  4,"KANSAS", -96.15270,  37.39364
"361","HART",-1.768868e-03,  4,"KENTUCKY", -85.84862,  37.31013
"362","ELK",-2.013746e-02,  4,"PENNSYLVANIA", -78.56609,  41.42849
"363","ELK",NA,  4,"PENNSYLVANIA", -78.56609,  41.42849
"364","DECATUR", 5.317842e-02, 10,"GEORGIA", -84.29631,  33.77483
"365","CHAMPAIGN",-8.406725e-03, 10,"ILLINOIS", -88.24352,  40.11629
"366","DECATUR",-3.725855e-02, 10,"INDIANA", -84.92913,  40.83060
"367","DECATUR",-3.515333e-02, 10,"IOWA", -93.83383,  40.74194
"368","DECATUR",-7.873563e-02, 10,"KANSAS",-100.52961,  39.74804
"369","CHAMPAIGN",-3.584554e-02, 10,"OHIO", -83.80487,  40.10258
"370","DECATUR",NA, 10,"TENNESSEE", -84.79022,  35.51479
"371","DECATUR", 6.312769e-02, 10,"TENNESSEE", -84.79022,  35.51479
"372","FAYETTE", 6.498375e-02,  3,"ALABAMA", -87.83085,  33.68455
"373","FAYETTE", 1.387831e-02,  3,"GEORGIA", -84.45504,  33.44863
"374","FAYETTE", 7.435334e-03,  3,"ILLINOIS", -89.01793,  39.06696
"375","FAYETTE",-7.562315e-02,  3,"INDIANA", -85.14794,  39.59204
"376","FAYETTE",NA,  3,"IOWA", -91.80211,  42.84193
"377","FAYETTE", 5.263664e-02,  3,"IOWA", -91.80211,  42.84193
"378","FAYETTE",NA,  3,"KENTUCKY", -84.48026,  38.06065
"379","FAYETTE",NA,  3,"KENTUCKY", -84.48026,  38.06065
"380","DURHAM", 3.346983e-01,  3,"NORTH CAROLINA", -78.90021,  35.99557
"381","FAYETTE",-6.422252e-02,  3,"OHIO", -84.32689,  41.67338
"382","FAYETTE",NA,  3,"PENNSYLVANIA", -79.65021,  39.92723
"383","FAYETTE",NA,  3,"PENNSYLVANIA", -79.65021,  39.92723
"384","FAYETTE", 2.531396e-01,  3,"TENNESSEE", -89.47422,  35.12574
"385","FAYETTE", 5.568914e-02,  3,"TEXAS", -96.83510,  29.88964
"386","FAYETTE",NA,  3,"WEST VIRGINIA", -81.10399,  38.05289
"387","FAYETTE",NA,  3,"WEST VIRGINIA", -81.10399,  38.05289
"388","RALEIGH", 6.863227e-02,  3,"WEST VIRGINIA", -81.17427,  37.75678
"389","JUNEAU",NA,  3,"WISCONSIN", -88.70510,  43.40555
"390","JUNEAU",NA,  3,"WISCONSIN", -88.70510,  43.40555
"391","CEDAR",NA,  6,"IOWA", -92.52575,  41.21223
"392","CEDAR",NA,  6,"IOWA", -92.52575,  41.21223
"393","DUBUQUE", 4.691453e-02,  6,"IOWA", -90.66775,  42.50636
"394","DUBUQUE",NA,  6,"IOWA", -90.66775,  42.50636
"395","IOWA", 2.957180e-03,  6,"IOWA", -93.09770,  41.87800
"396","IOWA",NA,  6,"IOWA", -93.09770,  41.87800
"397","CEDAR", 2.224730e-02,  6,"MISSOURI", -93.86553,  37.70312
"398","CEDAR",-2.402998e-02,  6,"NEBRASKA", -97.17903,  42.56103
"399","IOWA", 7.837665e-02,  6,"WISCONSIN", -88.78787,  43.78444
"400","INDIANA", 2.767049e-02,  9,"PENNSYLVANIA", -79.15253,  40.62146
"401","PLATTE", 5.518227e-02,  8,"MISSOURI", -94.76916,  39.34756
"402","PLATTE",-7.642811e-02,  8,"NEBRASKA", -98.28242,  41.05697
"403","PLATTE",-2.842151e-03,  8,"WYOMING",-104.84546,  42.05056
"404","SARASOTA", 2.970580e-02,  8,"FLORIDA", -82.53101,  27.33647
"405","PETERSBURG", 3.850531e-01,  8,"VIRGINIA", -77.40193,  37.22793
"406","GREENWOOD",-2.133169e-01,  0,"KANSAS", -96.15270,  37.90259
"407","GREEN",-4.456396e-02,  0,"KENTUCKY", -83.07517,  38.14064
"408","WOOD",NA,  0,"OHIO", -83.67739,  41.34785
"409","WOOD",NA,  0,"OHIO", -83.67739,  41.34785
"410","GREENVILLE", 6.043842e-02,  0,"SOUTH CAROLINA", -82.40002,  34.84850
"411","GREENWOOD", 8.890026e-02,  0,"SOUTH CAROLINA", -82.16179,  34.19540
"412","WOOD", 8.978676e-02,  0,"TEXAS", -95.35209,  32.82962
"413","WOOD",-7.048716e-02,  0,"WEST VIRGINIA", -81.47184,  39.21543
"414","GREEN", 8.937966e-02,  0,"WISCONSIN", -89.62516,  42.62873
"415","WOOD",-2.216066e-02,  0,"WISCONSIN", -90.16823,  44.45581
"416","WOOD",NA,  0,"WISCONSIN", -90.16823,  44.45581
"417","JACKSON",NA,  2,"ALABAMA", -87.89444,  31.50905
"418","JACKSON", 1.429556e-01,  2,"ALABAMA", -87.89444,  31.50905
"419","JACKSON",NA,  2,"ARKANSAS", -91.13530,  35.64796
"420","JACKSON",NA,  2,"ARKANSAS", -91.13530,  35.64796
"421","JACKSON",-1.177730e-01,  2,"COLORADO",-106.25221,  40.68192
"422","JACKSON", 6.543141e-02,  2,"FLORIDA", -81.65915,  30.32976
"423","JACKSON", 4.034632e-01,  2,"GEORGIA", -83.96602,  33.29457
"424","JACKSON",-3.798498e-02,  2,"ILLINOIS", -89.32270,  37.72183
"425","JACKSON",-4.071372e-02,  2,"INDIANA", -86.05296,  38.87943
"426","JACKSON", 2.507242e-02,  2,"IOWA", -90.52578,  42.15607
"427","JACKSON",NA,  2,"IOWA", -90.52578,  42.15607
"428","JACKSON",-3.447690e-02,  2,"KANSAS", -95.81429,  39.42414
"429","JACKSON",-7.724990e-04,  2,"KENTUCKY", -83.38351,  37.55315
"430","JACKSON", 1.229240e-02,  2,"LOUISIANA", -91.21761,  30.83740
"431","JACKSON",-5.196741e-02,  2,"MICHIGAN", -84.40135,  42.24587
"432","JACKSON",NA,  2,"MICHIGAN", -84.40135,  42.24587
"433","JACKSON", 3.460806e-03,  2,"MINNESOTA", -94.98675,  43.62086
"434","JACKSON", 3.464605e-02,  2,"MISSISSIPPI", -90.18065,  32.29814
"435","JACKSON",NA,  2,"MISSOURI", -89.66621,  37.38227
"436","JACKSON",-7.103168e-03,  2,"MISSOURI", -89.66621,  37.38227
"437","JACKSON", 6.370820e-02,  2,"NORTH CAROLINA", -77.42136,  36.38960
"438","JACKSON",NA,  2,"NORTH CAROLINA", -77.42136,  36.38960
"439","JACKSON",-4.751273e-02,  2,"OHIO", -82.63655,  39.05202
"440","JACKSON",-1.144123e-01,  2,"OKLAHOMA", -99.45615,  34.58346
"441","JACKSON",-7.338363e-02,  2,"OREGON",-122.96699,  42.31346
"442","JACKSON",NA,  2,"OREGON",-122.96699,  42.31346
"443","JACKSON",-5.114083e-02,  2,"SOUTH DAKOTA",-101.52481,  43.66481
"444","JACKSON",NA,  2,"TENNESSEE", -88.81395,  35.61452
"445","JACKSON",NA,  2,"TENNESSEE", -88.81395,  35.61452
"446","JACK", 3.518874e-02,  2,"TEXAS", -98.22130,  33.25604
"447","JACKSON", 2.757534e-02,  2,"TEXAS", -96.53564,  28.93409
"448","JACKSON",-2.112783e-02,  2,"WEST VIRGINIA", -81.64734,  38.81399
"449","JACKSON", 5.038042e-03,  2,"WISCONSIN", -88.16676,  43.32389
"450","JACKSON",NA,  2,"WISCONSIN", -88.16676,  43.32389
"451","LUBBOCK",-7.156123e-02,  1,"TEXAS",-101.85529,  33.57782
"452","ROCK ISLAND",-1.033270e-02, -1,"ILLINOIS", -90.57875,  41.50948
"453","ROCK",-5.798497e-02, -1,"MINNESOTA", -96.32261,  43.69270
"454","ROCK",-7.701019e-02, -1,"NEBRASKA", -99.45615,  42.39520
"455","ISLAND",NA, -1,"WASHINGTON",-122.57946,  48.19765
"456","ISLAND",NA, -1,"WASHINGTON",-122.57946,  48.19765
"457","ROCK", 3.256750e-02, -1,"WISCONSIN", -89.07525,  42.60604
"458","MADISON", 1.046146e-01,  7,"ALABAMA", -86.74833,  34.69926
"459","MADISON", 6.109023e-02,  7,"ARKANSAS", -90.72246,  35.01317
"460","MADISON", 3.407996e-02,  7,"FLORIDA", -83.41293,  30.46938
"461","MADISON", 1.209194e-01,  7,"GEORGIA", -83.46794,  33.59568
"462","MADISON", 2.364871e-01,  7,"IDAHO",-111.55837,  43.75083
"463","MADISON",NA,  7,"ILLINOIS", -90.15705,  38.68255
"464","MADISON",NA,  7,"ILLINOIS", -90.15705,  38.68255
"465","MADISON",-1.049494e-01,  7,"INDIANA", -85.37996,  38.73589
"466","MADISON",NA,  7,"INDIANA", -85.37996,  38.73589
"467","MADISON", 1.249375e-02,  7,"IOWA", -93.98784,  41.29224
"468","MADISON", 7.184030e-02,  7,"KENTUCKY", -84.31213,  37.71430
"469","MADISON", 1.754761e-01,  7,"LOUISIANA", -91.28910,  32.44016
"470","MADISON", 1.209217e-01,  7,"MISSISSIPPI", -90.11536,  32.46181
"471","MADISON", 6.547377e-02,  7,"MISSOURI", -92.20990,  39.47365
"472","MADISON", 6.661581e-02,  7,"MONTANA",-111.88650,  45.46673
"473","MADISON",-6.522819e-02,  7,"NEBRASKA", -97.45496,  41.82798
"474","MADISON",NA,  7,"NEW YORK", -75.51212,  42.89896
"475","MADISON",NA,  7,"NEW YORK", -75.51212,  42.89896
"476","MADISON", 2.419951e-02,  7,"NORTH CAROLINA", -79.95949,  36.38542
"477","MADISON",-4.471778e-02,  7,"OHIO", -81.04982,  41.77116
"478","MADISON", 8.302082e-03,  7,"TENNESSEE", -86.71435,  36.25620
"479","MADISON", 4.657401e-02,  7,"TEXAS", -95.91162,  30.94991
"480","MADISON", 5.422730e-02,  7,"VIRGINIA", -78.25750,  38.38041
"481","BRYAN", 2.200741e-01, 13,"GEORGIA", -81.47184,  32.02366
"482","BRYAN", 6.302228e-02, 13,"OKLAHOMA", -96.32261,  33.90213
"483","BINGHAM", 4.262255e-02,  1,"IDAHO",-112.36241,  43.21123
"484","INGHAM", 2.983773e-02,  1,"MICHIGAN", -84.35420,  42.64689
"485","ALBANY",-1.518353e-02,  6,"NEW YORK", -73.75447,  42.65181
"486","SCHENECTADY", 8.176309e-03,  6,"NEW YORK", -73.93874,  42.81435
"487","ALBANY",-6.857555e-02,  6,"WYOMING",-106.13196,  41.18414
"488","ALBANY",NA,  6,"WYOMING",-106.13196,  41.18414
"489","PITT",NA,  3,"NORTH CAROLINA", -77.42430,  35.55892
"490","PITT",NA,  3,"NORTH CAROLINA", -77.42430,  35.55892
"491","PITTSBURG",-1.576455e-02,  3,"OKLAHOMA", -95.84999,  34.71315
"492","GAINES",-1.344861e-02,  2,"TEXAS",-102.71351,  32.69875
"493","FORD",-4.352524e-02,  2,"ILLINOIS", -88.20716,  40.49886
"494","FORD",-1.142413e-01,  2,"KANSAS", -99.75402,  37.63613
"495","KLAMATH",-1.216881e-01,  2,"OREGON",-121.61421,  42.69528
"496","FALLS",-1.660454e-02,  2,"TEXAS", -97.00684,  31.16364
"497","CHARLOTTE", 4.471962e-02,  0,"FLORIDA", -81.90983,  26.89460
"498","CHARLOTTE", 2.666421e-02,  0,"VIRGINIA", -78.61150,  37.04674
"499","ADA", 1.879331e-02,  3,"IDAHO",-116.24203,  43.47877
"500","SHERMAN",-4.055033e-02,  3,"KANSAS", -95.05719,  37.25728
"501","SHERMAN",-8.825320e-02,  3,"NEBRASKA", -98.92453,  41.17517
"502","SHERMAN",-1.449275e-02,  3,"OREGON",-120.75304,  45.41220
"503","SHERMAN",-3.189493e-02,  3,"TEXAS", -96.60888,  33.63566
"504","ANDERSON",-5.798602e-02,  1,"KANSAS", -95.31025,  38.28093
"505","ANDERSON", 4.785737e-02,  1,"KENTUCKY", -84.98175,  37.99865
"506","GREEN",-4.456396e-02,  1,"KENTUCKY", -83.07517,  38.14064
"507","ASHE", 8.035186e-02,  1,"NORTH CAROLINA", -81.47184,  36.43397
"508","ANDERSON", 8.272303e-02,  1,"SOUTH CAROLINA", -82.65013,  34.50344
"509","GREENVILLE", 6.043842e-02,  1,"SOUTH CAROLINA", -82.40002,  34.84850
"510","SPARTANBURG", 5.131359e-02,  1,"SOUTH CAROLINA", -81.93272,  34.95160
"511","ANDERSON", 1.445616e-02,  1,"TENNESSEE", -84.22788,  36.08096
"512","ANDERSON", 4.521195e-02,  1,"TEXAS", -95.99245,  30.48770
"513","GREEN", 8.937966e-02,  1,"WISCONSIN", -89.62516,  42.62873
"514","KANE",NA,  9,"ILLINOIS", -90.35373,  39.19005
"515","KANE",NA,  9,"ILLINOIS", -90.35373,  39.19005
"516","KANE", 3.539823e-02,  9,"UTAH",-112.42915,  37.29325
"517","SPOKANE", 1.816010e-02,  9,"WASHINGTON",-117.42353,  47.65797
"518","GRAND",-9.199632e-04,  5,"COLORADO",-106.06402,  40.07274
"519","KALAMAZOO", 6.335624e-02,  5,"MICHIGAN", -85.58563,  42.28965
"520","CREEK", 4.795496e-03,  5,"OKLAHOMA", -96.32261,  35.83625
"521","GRAND",-3.217287e-02,  5,"UTAH",-109.75917,  39.08579
"522","GRAND",NA,  5,"UTAH",-109.75917,  39.08579
"523","SCOTT", 2.897474e-02, 11,"ARKANSAS", -92.09626,  34.69648
"524","CHEYENNE",-2.998236e-02, 11,"COLORADO",-102.62162,  38.80026
"525","SCOTT",-4.135053e-02, 11,"ILLINOIS", -90.48799,  39.60949
"526","SCOTT",NA, 11,"INDIANA", -85.55581,  41.74106
"527","SCOTT",-2.927279e-02, 11,"INDIANA", -85.55581,  41.74106
"528","SCOTT", 1.031165e-01, 11,"IOWA", -90.63937,  41.63932
"529","CHEYENNE",-1.146572e-01, 11,"KANSAS",-101.79796,  39.78778
"530","SCOTT",-8.525446e-02, 11,"KANSAS",-100.89031,  38.56253
"531","SCOTT", 1.219355e-01, 11,"KENTUCKY", -84.56415,  38.31724
"532","SCOTT", 7.038375e-02, 11,"MINNESOTA", -93.54079,  44.68341
"533","SCOTT",-2.702703e-02, 11,"MISSISSIPPI", -91.07600,  33.59308
"534","SCOTT", 1.679276e-02, 11,"MISSOURI", -89.62516,  37.03944
"535","CHEYENNE",-7.206068e-02, 11,"NEBRASKA",-103.08179,  41.25093
"536","SCOTT", 7.985838e-02, 11,"TENNESSEE", -84.52222,  36.39762
"537","SCOTT", 9.631785e-02, 11,"VIRGINIA", -82.60512,  36.68158
"538","BURLINGTON", 7.677586e-02,  5,"NEW JERSEY", -74.86618,  40.07053
"539","NASH",NA,  7,"NORTH CAROLINA", -77.97387,  35.95979
"540","NASH",NA,  7,"NORTH CAROLINA", -77.97387,  35.95979
"541","FLORENCE", 2.567363e-02,  1,"SOUTH CAROLINA", -79.76609,  34.19734
"542","FLORENCE",-2.129222e-02,  1,"WISCONSIN", -88.25200,  45.92242
"543","OKLAHOMA",-9.194638e-02,  6,"OKLAHOMA", -97.51954,  35.46887
"544","PRESQUE ISLE",-2.501330e-02, -5,"MICHIGAN", -83.46583,  45.28196
"545","PRESQUE ISLE",NA, -5,"MICHIGAN", -83.46583,  45.28196
"546","KANSAS CITY", 7.389180e-03,  6,"MISSOURI", -94.57857,  39.09973
"547","KANSAS CITY",NA,  6,"MISSOURI", -94.57857,  39.09973
"548","KANSAS CITY",NA,  6,"MISSOURI", -94.57857,  39.09973
"549","KANSAS CITY",NA,  6,"MISSOURI", -94.57857,  39.09973
"550","PUEBLO", 1.069036e-01,  9,"COLORADO",-104.61010,  38.27060
"551","PUEBLO",NA,  9,"COLORADO",-104.61010,  38.27060
"552","COLORADO", 6.996099e-02,  9,"TEXAS", -97.13389,  29.98556
"553","TULSA",-7.249519e-02, -1,"OKLAHOMA", -95.98950,  36.15514
"554","HARRIS", 1.880626e-01,  3,"GEORGIA", -84.85679,  32.70327
"555","YORK", 7.501184e-02,  3,"MAINE", -70.64826,  43.16175
"556","LANCASTER",-5.887125e-02,  3,"NEBRASKA", -96.66381,  40.84715
"557","LANCASTER",NA,  3,"NEBRASKA", -96.66381,  40.84715
"558","YORK",-7.635722e-02,  3,"NEBRASKA", -97.59209,  40.86739
"559","LANCASTER",-6.743553e-02,  3,"PENNSYLVANIA", -76.30418,  40.04033
"560","LEBANON",-2.186293e-02,  3,"PENNSYLVANIA", -76.42621,  40.33922
"561","YORK",-5.388550e-03,  3,"PENNSYLVANIA", -76.72696,  39.96107
"562","LANCASTER", 3.083021e-01,  3,"SOUTH CAROLINA", -80.77090,  34.72043
"563","YORK", 2.039298e-01,  3,"SOUTH CAROLINA", -81.24202,  34.99430
"564","HARRIS",NA,  3,"TEXAS", -95.31025,  29.77518
"565","HARRIS",NA,  3,"TEXAS", -95.31025,  29.77518
"566","LANCASTER", 4.654896e-03,  3,"VIRGINIA", -76.46602,  37.77003
"567","LANCASTER",NA,  3,"VIRGINIA", -76.46602,  37.77003
"568","YORK", 2.704150e-02,  3,"VIRGINIA", -76.50967,  37.23876
"569","YORK",NA,  3,"VIRGINIA", -76.50967,  37.23876
"570","LANDER",-1.071603e-02, -1,"NEVADA",-116.98524,  40.05101
"571","WINSTON", 1.746138e-02,  9,"ALABAMA", -87.34136,  34.16901
"572","GREEN",-4.456396e-02,  9,"KENTUCKY", -83.07517,  38.14064
"573","WINSTON",-2.206353e-02,  9,"MISSISSIPPI", -89.01793,  33.16503
"574","SALEM",NA,  9,"NEW JERSEY", -75.46704,  39.57190
"575","SALEM",NA,  9,"NEW JERSEY", -75.46704,  39.57190
"576","SALEM", 1.602229e-02,  9,"VIRGINIA", -80.05476,  37.29347
"577","GREEN", 8.937966e-02,  9,"WISCONSIN", -89.62516,  42.62873
"578","DES MOINES",-2.721088e-02,  7,"IOWA", -93.61640,  41.58961
"579","DES MOINES",NA,  7,"IOWA", -93.61640,  41.58961
"580","COLUMBUS",NA,  6,"NORTH CAROLINA", -82.19706,  35.25317
"581","COLUMBUS", 1.023076e-01,  6,"NORTH CAROLINA", -82.19706,  35.25317
"582","FORD",-4.352524e-02,  3,"ILLINOIS", -88.20716,  40.49886
"583","FORD",-1.142413e-01,  3,"KANSAS", -99.75402,  37.63613
"584","ROCK",-5.798497e-02,  3,"MINNESOTA", -96.32261,  43.69270
"585","ROCK",-7.701019e-02,  3,"NEBRASKA", -99.45615,  42.39520
"586","ROCK", 3.256750e-02,  3,"WISCONSIN", -89.07525,  42.60604
"587","WILL",NA,  1,"ILLINOIS", -88.09008,  41.50547
"588","WILL",NA,  1,"ILLINOIS", -88.09008,  41.50547
"589","DICKINSON", 6.019052e-02,  1,"IOWA", -95.18492,  43.40494
"590","DICKINSON",-5.266750e-02,  1,"KANSAS", -98.48425,  39.01190
"591","DICKINSON",-3.395085e-03,  1,"MICHIGAN", -87.86161,  45.96014
"592","BANKS", 1.688730e-01,  1,"GEORGIA", -83.46436,  34.37854
"593","HARRIS", 1.880626e-01, -7,"GEORGIA", -84.85679,  32.70327
"594","VERNON", 7.341257e-02, -7,"LOUISIANA", -93.17797,  31.13200
"595","CAPE GIRARDEAU", 4.501664e-02, -7,"MISSOURI", -89.51815,  37.30588
"596","VERNON", 2.891459e-03, -7,"MISSOURI", -94.31542,  37.81485
"597","HARRIS",NA, -7,"TEXAS", -95.31025,  29.77518
"598","HARRIS",NA, -7,"TEXAS", -95.31025,  29.77518
"599","VERNON", 8.083530e-03, -7,"WISCONSIN", -88.24816,  42.90444
"600","VERNON",NA, -7,"WISCONSIN", -88.24816,  42.90444
"601","IDAHO",-1.205273e-02, 18,"IDAHO",-114.74204,  44.06820
"602","IDA",-1.483837e-02, 18,"IOWA", -95.47778,  42.34187
"603","FALLS",-1.660454e-02, 18,"TEXAS", -97.00684,  31.16364
"604","LAUREL", 5.982752e-02,-12,"KENTUCKY", -84.18571,  37.06935
"605","MONROE",-9.439899e-03,  1,"ALABAMA", -87.32471,  31.52794
"606","MONROE",NA,  1,"ARKANSAS", -91.10457,  34.73482
"607","MONROE",NA,  1,"ARKANSAS", -91.10457,  34.73482
"608","EL DORADO",-2.207979e-02,  1,"CALIFORNIA",-120.43576,  38.74264
"609","MONROE",-6.323511e-03,  1,"FLORIDA", -81.07547,  25.29745
"610","MONROE",NA,  1,"FLORIDA", -81.07547,  25.29745
"611","MONROE", 1.879791e-01,  1,"GEORGIA", -83.71323,  33.79484
"612","MONROE", 8.674404e-02,  1,"ILLINOIS", -90.18696,  38.27425
"613","MONROE",NA,  1,"INDIANA", -84.93691,  40.74505
"614","MONROE", 1.282224e-01,  1,"INDIANA", -84.93691,  40.74505
"615","MONROE",-1.034570e-02,  1,"IOWA", -93.10381,  41.52083
"616","MONROE",-1.531747e-01,  1,"KENTUCKY", -85.72564,  36.74849
"617","MONROE",NA,  1,"MICHIGAN", -83.39771,  41.91643
"618","MONROE",NA,  1,"MICHIGAN", -83.39771,  41.91643
"619","MONROE", 3.234362e-02,  1,"MISSISSIPPI", -88.55653,  33.87736
"620","MONROE",-1.578825e-02,  1,"MISSOURI", -92.06652,  39.55088
"621","MONROE", 5.197956e-02,  1,"NEW YORK", -74.18681,  41.33065
"622","MONROE",NA,  1,"OHIO", -84.36105,  39.44506
"623","MONROE",NA,  1,"OHIO", -84.36105,  39.44506
"624","MONROE",NA,  1,"PENNSYLVANIA", -75.24791,  41.04584
"625","MONROE",NA,  1,"PENNSYLVANIA", -75.24791,  41.04584
"626","MONROE", 1.040314e-01,  1,"TENNESSEE", -85.24246,  36.43701
"627","MONROE", 4.369014e-03,  1,"WEST VIRGINIA", -80.58828,  37.56020
"628","MONROE",-3.579830e-02,  1,"WISCONSIN", -89.63845,  42.60112
"629","MONROE",NA,  1,"WISCONSIN", -89.63845,  42.60112
"630","BILLINGS", 4.078014e-02, -4,"NORTH DAKOTA",-103.39061,  47.05603
"631","TRAVERSE",NA, -4,"MINNESOTA", -94.01746,  44.34858
"632","TRAVERSE",NA, -4,"MINNESOTA", -94.01746,  44.34858
"633","MASON",-8.937770e-02,  6,"ILLINOIS", -88.62366,  38.95310
"634","MASON",NA,  6,"ILLINOIS", -88.62366,  38.95310
"635","MASON",-2.599237e-02,  6,"KENTUCKY", -83.88971,  38.61941
"636","MASON",-3.723222e-02,  6,"MICHIGAN", -84.44358,  42.57920
"637","MASON",NA,  6,"MICHIGAN", -84.44358,  42.57920
"638","CHESTER", 2.081248e-02,  6,"PENNSYLVANIA", -75.35575,  39.84956
"639","CHESTER",NA,  6,"PENNSYLVANIA", -75.35575,  39.84956
"640","CHESTER",NA,  6,"SOUTH CAROLINA", -81.21426,  34.70486
"641","CHESTER",NA,  6,"SOUTH CAROLINA", -81.21426,  34.70486
"642","CHESTER", 9.496586e-02,  6,"TENNESSEE", -88.67236,  35.42709
"643","AUSTIN", 1.114745e-01,  6,"TEXAS", -97.74306,  30.26715
"644","MASON",-1.685123e-02,  6,"TEXAS", -99.23061,  30.74879
"645","MASON", 7.363944e-02,  6,"WASHINGTON",-123.19514,  47.42511
"646","MASON",NA,  6,"WASHINGTON",-123.19514,  47.42511
"647","MASON",-6.221852e-02,  6,"WEST VIRGINIA", -82.02903,  39.02175
"648","VALLEY",-4.170159e-02, -1,"IDAHO",-115.79264,  44.92047
"649","VALLEY",-3.459433e-02, -1,"MONTANA",-106.83048,  48.28557
"650","VALLEY",-6.022585e-02, -1,"NEBRASKA", -96.34694,  41.31260
"651","WICHITA",-4.519774e-02,  3,"KANSAS", -97.33822,  37.69345
"652","FALLS",-1.660454e-02,  3,"TEXAS", -97.00684,  31.16364
"653","WICHITA",-5.840378e-02,  3,"TEXAS", -98.74812,  33.93097
"654","CHARLES", 3.334421e-01,  1,"MARYLAND", -77.10249,  38.52218
"655","CHARLESTON",NA,  1,"SOUTH CAROLINA", -79.93197,  32.78332
"656","CHARLESTON",NA,  1,"SOUTH CAROLINA", -79.93197,  32.78332
"657","CHARLOTTE", 4.471962e-02,  7,"FLORIDA", -81.90983,  26.89460
"658","CHARLOTTE", 2.666421e-02,  7,"VIRGINIA", -78.61150,  37.04674
"659","CHARLOTTESVILLE", 3.509385e-01,  7,"VIRGINIA", -78.47694,  38.03018
"660","WAYNE", 7.734228e-02,  3,"GEORGIA", -81.90983,  31.50921
"661","WAYNE",-1.375649e-02,  3,"ILLINOIS", -88.24237,  41.95083
"662","WAYNE",-8.189608e-02,  3,"INDIANA", -84.98175,  39.83188
"663","WAYNE",-4.787743e-02,  3,"IOWA", -93.33889,  40.66774
"664","WAYNE", 3.409239e-02,  3,"KENTUCKY", -84.85679,  36.75719
"665","WAYNE",-4.858175e-03,  3,"MICHIGAN", -83.38632,  42.28143
"666","WAYNE", 9.123959e-02,  3,"MISSISSIPPI", -88.71090,  31.71306
"667","WAYNE",-2.079304e-02,  3,"MISSOURI", -90.52578,  37.03887
"668","WAYNE",-1.170135e-01,  3,"NEBRASKA", -97.01782,  42.23056
"669","WAYNE",-1.426699e-01,  3,"NEW YORK", -77.10553,  42.47090
"670","WAYNE", 6.887080e-02,  3,"NORTH CAROLINA", -77.97387,  35.35655
"671","WAYNE",-3.139948e-02,  3,"OHIO", -83.47354,  41.30144
"672","WAYNE",-3.719215e-02,  3,"PENNSYLVANIA", -75.39659,  40.04213
"673","WAYNE", 4.262076e-02,  3,"TENNESSEE", -87.77633,  35.28237
"674","WAYNE", 1.985294e-02,  3,"UTAH",-110.80761,  38.33370
"675","WAYNE",-7.426514e-02,  3,"WEST VIRGINIA", -82.44237,  38.22147
"676","YOUNG", 4.737481e-02, -2,"TEXAS", -96.07997,  31.84211
"677","LONG", 1.027668e-01,  5,"GEORGIA", -81.82244,  31.77555
"678","NACOGDOCHES",-1.094754e-02,  5,"TEXAS", -94.65600,  31.60395
"679","TYLER", 1.119432e-01,  5,"TEXAS", -95.30106,  32.35126
"680","TYLER",-1.140165e-01,  5,"WEST VIRGINIA", -80.85438,  39.49770
"681","ALBANY",-1.518353e-02, 14,"NEW YORK", -73.75447,  42.65181
"682","ALBANY",-6.857555e-02, 14,"WYOMING",-106.13196,  41.18414
"683","ALBANY",NA, 14,"WYOMING",-106.13196,  41.18414
"684","CHESTER", 2.081248e-02,  5,"PENNSYLVANIA", -75.35575,  39.84956
"685","CHESTER",NA,  5,"PENNSYLVANIA", -75.35575,  39.84956
"686","CHESTER",NA,  5,"SOUTH CAROLINA", -81.21426,  34.70486
"687","CHESTER",NA,  5,"SOUTH CAROLINA", -81.21426,  34.70486
"688","CHESTER", 9.496586e-02,  5,"TENNESSEE", -88.67236,  35.42709
"689","NORFOLK", 1.003210e-02,  5,"MASSACHUSETTS", -71.32506,  42.11954
"690","NEWPORT", 1.167662e-02,  5,"RHODE ISLAND", -71.31186,  41.49176
"691","NEWPORT NEWS", 2.322375e-01,  5,"VIRGINIA", -76.47301,  37.08708
"692","NORFOLK", 2.716310e-01,  5,"VIRGINIA", -76.28587,  36.85077
"693","PORTSMOUTH", 2.121971e-01,  5,"VIRGINIA", -76.29827,  36.83543
"694","ST. JOSEPH",NA,  6,"INDIANA", -86.33768,  41.62281
"695","ST. JOSEPH",NA,  6,"INDIANA", -86.33768,  41.62281
"696","ST. JOSEPH",-9.358532e-02,  6,"MICHIGAN", -86.48955,  42.09386
"697","BOISE",-6.152538e-02, 13,"IDAHO",-116.20231,  43.61502
"698","JONES", 7.422775e-02, -1,"GEORGIA", -83.50702,  33.00026
"699","JONES", 4.810583e-02, -1,"IOWA", -91.13530,  42.15167
"700","JONES",NA, -1,"IOWA", -91.13530,  42.15167
"701","JONES", 6.241044e-02, -1,"MISSISSIPPI", -89.17060,  31.53432
"702","JONES", 5.096388e-02, -1,"NORTH CAROLINA", -77.33244,  35.03063
"703","JONES",-1.046025e-01, -1,"SOUTH DAKOTA",-100.70979,  43.97158
"704","JONES", 1.348845e-03, -1,"TEXAS", -99.81249,  32.78334
"705","ARTHUR",-4.887218e-02, 10,"NEBRASKA",-101.69156,  41.57165
"706","ERIE",-2.973909e-02,  2,"NEW YORK", -78.74762,  42.69749
"707","ERIE", 9.606747e-03,  2,"OHIO", -82.47528,  41.43499
"708","ERIE",NA,  2,"OHIO", -82.47528,  41.43499
"709","ERIE", 9.134379e-04,  2,"PENNSYLVANIA", -80.08497,  42.12904
"710","ERIE",NA,  2,"PENNSYLVANIA", -80.08497,  42.12904
"711","PITT",NA,  3,"NORTH CAROLINA", -77.42430,  35.55892
"712","PITT",NA,  3,"NORTH CAROLINA", -77.42430,  35.55892
"713","PITTSBURG",-1.576455e-02,  3,"OKLAHOMA", -95.84999,  34.71315
"714","SWEETWATER", 4.762783e-02,  2,"WYOMING",-109.18800,  41.85194
"715","FALLS",-1.660454e-02,  3,"TEXAS", -97.00684,  31.16364
"716","STEUBEN", 8.833785e-03, -3,"INDIANA", -84.98175,  41.61155
"717","STEUBEN",-1.396036e-01, -3,"NEW YORK", -75.28295,  43.32007
"718","MONTGOMERY", 1.999442e-01, 12,"ALABAMA", -86.30774,  32.37922
"719","MONTGOMERY", 5.053057e-04, 12,"ARKANSAS", -93.66232,  34.54241
"720","MONTGOMERY", 1.616162e-01, 12,"GEORGIA", -81.12205,  31.94049
"721","MONTGOMERY",NA, 12,"ILLINOIS", -88.34590,  41.73058
"722","MONTGOMERY",-5.800464e-03, 12,"ILLINOIS", -88.34590,  41.73058
"723","MONTGOMERY",-7.403079e-02, 12,"INDIANA", -87.04612,  38.66255
"724","MONTGOMERY",-1.079914e-01, 12,"IOWA", -95.20255,  43.44127
"725","MONTGOMERY",-6.857467e-02, 12,"KANSAS", -95.81429,  37.24025
"726","MONTGOMERY", 7.341153e-02, 12,"KENTUCKY", -83.88971,  38.03146
"727","MONTGOMERY", 1.191258e-01, 12,"MARYLAND", -77.24052,  39.15474
"728","MONTGOMERY",-1.111935e-03, 12,"MISSISSIPPI", -89.62516,  33.52744
"729","MONTGOMERY",-1.267361e-02, 12,"MISSOURI", -91.48215,  38.93656
"730","MONTGOMERY",NA, 12,"NEW YORK", -74.23682,  41.52759
"731","MONTGOMERY",NA, 12,"NEW YORK", -74.23682,  41.52759
"732","MONTGOMERY", 6.537698e-02, 12,"NORTH CAROLINA", -79.87448,  35.35879
"733","MONTGOMERY",-2.066161e-02, 12,"OHIO", -84.35411,  39.22811
"734","MONTGOMERY",NA, 12,"OHIO", -84.35411,  39.22811
"735","MONTGOMERY", 2.829894e-02, 12,"PENNSYLVANIA", -76.87691,  41.17036
"736","MONTGOMERY", 3.328229e-02, 12,"TENNESSEE", -87.46040,  36.49604
"737","MONTGOMERY", 2.486417e-01, 12,"TEXAS", -95.69634,  30.38826
"738","MONTGOMERY", 9.316199e-02, 12,"VIRGINIA", -80.41040,  37.20703
"739","MONTGOMERY",NA, 12,"VIRGINIA", -80.41040,  37.20703
"740","AUGUSTA", 5.130622e-02, -1,"VIRGINIA", -79.24511,  38.20046
"741","WILKES", 3.191724e-02,  8,"GEORGIA", -82.77786,  33.80826
"742","WILKES", 4.853797e-02,  8,"NORTH CAROLINA", -81.25188,  36.20286
"743","LYNCHBURG", 2.052392e-01,  2,"VIRGINIA", -79.14221,  37.41488
"744","ROANOKE", 2.188491e-02,  2,"VIRGINIA", -79.94495,  37.27091
"745","COLUMBIA", 6.156020e-03,  6,"ARKANSAS", -93.17797,  33.12852
"746","COLUMBIA", 6.686407e-02,  6,"FLORIDA", -82.60512,  30.18127
"747","COLUMBIA", 1.318513e-01,  6,"GEORGIA", -82.25833,  33.50985
"748","COLUMBIA", 9.645372e-05,  6,"NEW YORK", -73.96257,  40.80754
"749","COLUMBIA",-2.243448e-02,  6,"OREGON",-123.03572,  45.91971
"750","COLUMBIA",NA,  6,"OREGON",-123.03572,  45.91971
"751","COLUMBIA",-6.758718e-02,  6,"PENNSYLVANIA", -76.50441,  40.03371
"752","COLUMBIA", 4.651163e-02,  6,"WASHINGTON",-117.81426,  46.27751
"753","COLUMBIA",NA,  6,"WISCONSIN", -89.32270,  43.40466
"754","COLUMBIA",NA,  6,"WISCONSIN", -89.32270,  43.40466
"755","CROSS",NA,  9,"ARKANSAS", -90.82940,  35.29989
"756","CROSS", 5.725191e-02,  9,"ARKANSAS", -90.82940,  35.29989
"757","ROSS",-7.013167e-02,  9,"OHIO", -84.65050,  39.31228
"758","EAU CLAIRE", 1.078702e-02,  9,"WISCONSIN", -91.49849,  44.81135
"759","LA CROSSE", 5.669821e-02,  9,"WISCONSIN", -91.25190,  43.81378
"760","MITCHELL",NA,  2,"GEORGIA", -82.70319,  33.21987
"761","MITCHELL", 3.715426e-02,  2,"GEORGIA", -82.70319,  33.21987
"762","MITCHELL", 8.394161e-03,  2,"IOWA", -92.86686,  43.32164
"763","MITCHELL",NA,  2,"IOWA", -92.86686,  43.32164
"764","SIOUX", 1.074231e-02,  2,"IOWA", -96.40494,  42.49634
"765","MITCHELL",-8.420424e-02,  2,"KANSAS", -98.09978,  38.38390
"766","SIOUX",-6.551298e-02,  2,"NEBRASKA",-103.72892,  42.50129
"767","MITCHELL", 1.538856e-02,  2,"NORTH CAROLINA", -82.14960,  36.02778
"768","SIOUX", 8.421053e-02,  2,"NORTH DAKOTA",-101.11754,  46.05120
"769","FALLS",-1.660454e-02,  2,"TEXAS", -97.00684,  31.16364
"770","MITCHELL",-6.098514e-02,  2,"TEXAS",-100.89031,  32.33605
"771","CLEVELAND", 8.695652e-02,  5,"ARKANSAS", -92.70961,  35.42147
"772","CLEVELAND", 8.206802e-02,  5,"NORTH CAROLINA", -80.67701,  35.73320
"773","CLEVELAND",-6.622078e-02,  5,"OKLAHOMA", -96.46419,  36.31007
"774","KNOX", 1.942691e-03, -1,"ILLINOIS", -90.25503,  40.93422
"775","KNOX",NA, -1,"ILLINOIS", -90.25503,  40.93422
"776","KNOX",-2.400610e-02, -1,"INDIANA", -86.62070,  41.29395
"777","KNOX", 2.984702e-02, -1,"KENTUCKY", -83.88971,  36.92606
"778","KNOX", 8.356637e-02, -1,"MAINE", -69.24302,  44.52317
"779","KNOX",-1.011122e-03, -1,"MISSOURI", -92.22367,  40.20584
"780","KNOX",-4.201282e-02, -1,"NEBRASKA", -97.87216,  42.67124
"781","KNOX", 6.835144e-03, -1,"OHIO", -82.30177,  40.45956
"782","KNOX",-5.309387e-03, -1,"TENNESSEE", -83.84730,  36.01869
"783","KNOX", 5.090206e-02, -1,"TEXAS", -99.81249,  33.67342
"784","BAY", 4.627852e-02,  8,"FLORIDA", -85.68458,  30.18053
"785","GREEN",-4.456396e-02,  8,"KENTUCKY", -83.07517,  38.14064
"786","BAY",-5.559158e-02,  8,"MICHIGAN", -84.01674,  43.71097
"787","BAY",NA,  8,"MICHIGAN", -84.01674,  43.71097
"788","GREEN", 8.937966e-02,  8,"WISCONSIN", -89.62516,  42.62873
"789","PINE",NA,  6,"MINNESOTA", -92.80707,  46.09831
"790","PINE",NA,  6,"MINNESOTA", -92.80707,  46.09831
"791","ROCK",-5.798497e-02,  6,"MINNESOTA", -96.32261,  43.69270
"792","ROCK",-7.701019e-02,  6,"NEBRASKA", -99.45615,  42.39520
"793","ROCK", 3.256750e-02,  6,"WISCONSIN", -89.07525,  42.60604
"794","MISSOULA",NA,  3,"MONTANA",-113.99403,  46.87213
"795","MISSOULA", 1.113590e-01,  3,"MONTANA",-113.99403,  46.87213
"796","JACKSON",NA, 12,"ALABAMA", -87.89444,  31.50905
"797","JACKSON", 1.429556e-01, 12,"ALABAMA", -87.89444,  31.50905
"798","JACKSON",NA, 12,"ARKANSAS", -91.13530,  35.64796
"799","JACKSON",NA, 12,"ARKANSAS", -91.13530,  35.64796
"800","JACKSON",-1.177730e-01, 12,"COLORADO",-106.25221,  40.68192
"801","JACKSON", 6.543141e-02, 12,"FLORIDA", -81.65915,  30.32976
"802","JACKSON", 4.034632e-01, 12,"GEORGIA", -83.96602,  33.29457
"803","JACKSON",-3.798498e-02, 12,"ILLINOIS", -89.32270,  37.72183
"804","JACKSON",-4.071372e-02, 12,"INDIANA", -86.05296,  38.87943
"805","JACKSON", 2.507242e-02, 12,"IOWA", -90.52578,  42.15607
"806","JACKSON",NA, 12,"IOWA", -90.52578,  42.15607
"807","JACKSON",-3.447690e-02, 12,"KANSAS", -95.81429,  39.42414
"808","JACKSON",-7.724990e-04, 12,"KENTUCKY", -83.38351,  37.55315
"809","JACKSON", 1.229240e-02, 12,"LOUISIANA", -91.21761,  30.83740
"810","JACKSON",-5.196741e-02, 12,"MICHIGAN", -84.40135,  42.24587
"811","JACKSON",NA, 12,"MICHIGAN", -84.40135,  42.24587
"812","JACKSON", 3.460806e-03, 12,"MINNESOTA", -94.98675,  43.62086
"813","JACKSON", 3.464605e-02, 12,"MISSISSIPPI", -90.18065,  32.29814
"814","JACKSON",NA, 12,"MISSOURI", -89.66621,  37.38227
"815","JACKSON",-7.103168e-03, 12,"MISSOURI", -89.66621,  37.38227
"816","JACKSON", 6.370820e-02, 12,"NORTH CAROLINA", -77.42136,  36.38960
"817","JACKSON",NA, 12,"NORTH CAROLINA", -77.42136,  36.38960
"818","JACKSON",-4.751273e-02, 12,"OHIO", -82.63655,  39.05202
"819","JACKSON",-1.144123e-01, 12,"OKLAHOMA", -99.45615,  34.58346
"820","JACKSON",-7.338363e-02, 12,"OREGON",-122.96699,  42.31346
"821","JACKSON",NA, 12,"OREGON",-122.96699,  42.31346
"822","JACKSON",-5.114083e-02, 12,"SOUTH DAKOTA",-101.52481,  43.66481
"823","JACKSON",NA, 12,"TENNESSEE", -88.81395,  35.61452
"824","JACKSON",NA, 12,"TENNESSEE", -88.81395,  35.61452
"825","JACK", 3.518874e-02, 12,"TEXAS", -98.22130,  33.25604
"826","JACKSON", 2.757534e-02, 12,"TEXAS", -96.53564,  28.93409
"827","JACKSON",-2.112783e-02, 12,"WEST VIRGINIA", -81.64734,  38.81399
"828","JACKSON", 5.038042e-03, 12,"WISCONSIN", -88.16676,  43.32389
"829","JACKSON",NA, 12,"WISCONSIN", -88.16676,  43.32389
"830","MACON", 1.323483e-01,  9,"ALABAMA", -85.68458,  32.37312
"831","MACON", 6.384760e-02,  9,"GEORGIA", -83.63205,  32.83623
"832","MACON",NA,  9,"ILLINOIS", -88.99848,  39.71281
"833","MACON",-5.428439e-02,  9,"ILLINOIS", -88.99848,  39.71281
"834","MACON", 3.698811e-03,  9,"MISSOURI", -92.47269,  39.74226
"835","MACON", 9.231896e-02,  9,"NORTH CAROLINA", -78.08388,  36.43876
"836","MACON", 7.936508e-02,  9,"TENNESSEE", -89.48980,  35.15314
"837","GULF", 2.610966e-02,  0,"FLORIDA", -85.23084,  29.93429
"838","MARQUETTE", 2.163876e-02,  1,"MICHIGAN", -87.39537,  46.54362
"839","MARQUETTE",NA,  1,"WISCONSIN", -89.13873,  43.74748
"840","MARQUETTE",NA,  1,"WISCONSIN", -89.13873,  43.74748
"841","BAY", 4.627852e-02,  3,"FLORIDA", -85.68458,  30.18053
"842","BAY",-5.559158e-02,  3,"MICHIGAN", -84.01674,  43.71097
"843","BAY",NA,  3,"MICHIGAN", -84.01674,  43.71097
"844","SAGINAW",-4.919690e-03,  3,"MICHIGAN", -83.94737,  43.41956
"845","SAGINAW",NA,  3,"MICHIGAN", -83.94737,  43.41956
"846","DAY",NA,  8,"SOUTH DAKOTA", -97.70237,  45.41675
"847","DAY",-9.039548e-02,  8,"SOUTH DAKOTA", -97.70237,  45.41675
"848","DECATUR", 5.317842e-02, 22,"GEORGIA", -84.29631,  33.77483
"849","DECATUR",-3.725855e-02, 22,"INDIANA", -84.92913,  40.83060
"850","DECATUR",-3.515333e-02, 22,"IOWA", -93.83383,  40.74194
"851","DECATUR",-7.873563e-02, 22,"KANSAS",-100.52961,  39.74804
"852","FLORENCE", 2.567363e-02, 22,"SOUTH CAROLINA", -79.76609,  34.19734
"853","DECATUR",NA, 22,"TENNESSEE", -84.79022,  35.51479
"854","DECATUR", 6.312769e-02, 22,"TENNESSEE", -84.79022,  35.51479
"855","HUNT", 3.355324e-02, 22,"TEXAS", -99.33798,  30.07104
"856","FLORENCE",-2.129222e-02, 22,"WISCONSIN", -88.25200,  45.92242
"857","WASHINGTON", 8.500061e-02,  4,"ALABAMA", -88.24612,  31.34223
"858","WASHINGTON", 6.180678e-02,  4,"ARKANSAS", -93.68302,  33.77484
"859","WASHINGTON", 1.027668e-02,  4,"COLORADO",-102.98962,  40.06374
"860","WASHINGTON", 6.453791e-02,  4,"FLORIDA", -85.68458,  30.54874
"861","WASHINGTON",NA,  4,"GEORGIA", -82.73931,  33.73679
"862","WASHINGTON",NA,  4,"GEORGIA", -82.73931,  33.73679
"863","WASHINGTON",-3.349392e-02,  4,"IDAHO",-116.75486,  44.36587
"864","WASHINGTON",-3.455084e-02,  4,"ILLINOIS", -89.40731,  40.70365
"865","WASHINGTON",-3.511029e-02,  4,"INDIANA", -87.17279,  38.65922
"866","WASHINGTON",-3.882859e-02,  4,"IOWA", -91.69164,  41.30141
"867","WASHINGTON",-5.705329e-02,  4,"KANSAS", -97.05086,  39.81806
"868","GREEN",-4.456396e-02,  4,"KENTUCKY", -83.07517,  38.14064
"869","WASHINGTON", 3.055768e-03,  4,"KENTUCKY", -83.80850,  38.61615
"870","WASHINGTON", 4.439213e-02,  4,"LOUISIANA", -92.05706,  30.61631
"871","WASHINGTON",NA,  4,"MAINE", -69.36766,  44.27356
"872","WASHINGTON",NA,  4,"MAINE", -69.36766,  44.27356
"873","WASHINGTON",-1.455858e-02,  4,"MARYLAND", -77.69942,  39.61305
"874","WASHINGTON",NA,  4,"MINNESOTA", -92.88014,  45.18815
"875","WASHINGTON",NA,  4,"MINNESOTA", -92.88014,  45.18815
"876","WASHINGTON", 1.912727e-01,  4,"MISSISSIPPI", -91.29928,  31.57878
"877","WASHINGTON",NA,  4,"MISSOURI", -91.01209,  38.55811
"878","WASHINGTON", 4.685117e-02,  4,"MISSOURI", -91.01209,  38.55811
"879","WASHINGTON",-1.849246e-02,  4,"NEBRASKA", -96.20808,  41.39750
"880","WASHINGTON",NA,  4,"NEW YORK", -73.67717,  41.78757
"881","WASHINGTON",NA,  4,"NEW YORK", -73.67717,  41.78757
"882","WASHINGTON", 1.579236e-01,  4,"NORTH CAROLINA", -77.05217,  35.54655
"883","WASHINGTON",-6.511412e-03,  4,"OHIO", -83.43758,  39.53737
"884","WASHINGTON",-3.771409e-02,  4,"OKLAHOMA", -97.48448,  35.05896
"885","WASHINGTON", 6.117817e-02,  4,"OREGON",-123.13860,  45.54696
"886","WASHINGTON",NA,  4,"PENNSYLVANIA", -80.24617,  40.17396
"887","WASHINGTON",NA,  4,"PENNSYLVANIA", -80.24617,  40.17396
"888","WASHINGTON", 1.934833e-02,  4,"RHODE ISLAND", -71.66734,  41.45681
"889","GREENVILLE", 6.043842e-02,  4,"SOUTH CAROLINA", -82.40002,  34.84850
"890","WASHINGTON", 6.864663e-02,  4,"TENNESSEE", -82.51858,  36.33210
"891","WASHINGTON", 9.645564e-02,  4,"TEXAS", -96.36516,  30.23530
"892","WASHINGTON", 2.059385e-01,  4,"UTAH",-113.50829,  37.13054
"893","WASHINGTON", 3.733147e-02,  4,"VERMONT", -72.43260,  44.10562
"894","WASHINGTON", 1.506618e-01,  4,"VIRGINIA", -78.15908,  38.71343
"895","GREEN", 8.937966e-02,  4,"WISCONSIN", -89.62516,  42.62873
"896","WASHINGTON", 5.690866e-02,  4,"WISCONSIN", -91.38370,  44.73805
"897","INGHAM", 2.983773e-02, 22,"MICHIGAN", -84.35420,  42.64689
"898","COLUMBUS",NA,  5,"NORTH CAROLINA", -82.19706,  35.25317
"899","COLUMBUS", 1.023076e-01,  5,"NORTH CAROLINA", -82.19706,  35.25317
"900","GREEN",-4.456396e-02,  3,"KENTUCKY", -83.07517,  38.14064
"901","GREEN", 8.937966e-02,  3,"WISCONSIN", -89.62516,  42.62873
"902","ORLEANS",-1.313425e-01,  6,"LOUISIANA", -90.07584,  29.95089
"903","LEA",-1.035147e-01,  6,"NEW MEXICO",-103.35873,  32.89688
"904","ORLEANS",-1.334098e-01,  6,"NEW YORK", -75.94319,  44.18514
"905","ORLEANS",NA,  6,"VERMONT", -72.26035,  44.89055
"906","ORLEANS", 6.428688e-02,  6,"VERMONT", -72.26035,  44.89055
"907","EVANS",-6.545248e-03,  3,"GEORGIA", -82.13067,  33.53375
"908","MOBILE", 1.836437e-02, 13,"ALABAMA", -88.03989,  30.69537
"909","WALTON", 1.641225e-01, 13,"FLORIDA", -86.17518,  30.56402
"910","WALTON", 2.694034e-01, 13,"GEORGIA", -83.71991,  33.77086
"911","SAC",-6.326758e-03, 13,"IOWA", -95.14321,  42.35735
"912","CLARK",NA, 12,"ARKANSAS", -93.17797,  34.02324
"913","CLARK",NA, 12,"ARKANSAS", -93.17797,  34.02324
"914","CLARK",-1.898017e-01, 12,"IDAHO",-112.37555,  44.19756
"915","CLARK", 7.743225e-03, 12,"ILLINOIS", -87.77633,  39.38242
"916","CLARK", 2.255710e-02, 12,"INDIANA", -85.72564,  38.44929
"917","CLARK",-1.618900e-01, 12,"KANSAS", -99.81249,  37.31589
"918","CLARK", 2.552719e-02, 12,"KENTUCKY", -84.14351,  37.95994
"919","CLARK",-4.523555e-02, 12,"MISSOURI", -92.34268,  39.28115
"920","CLARK", 1.983308e-01, 12,"NEVADA",-115.09404,  36.07956
"921","CLARK",NA, 12,"OHIO", -83.67739,  39.89121
"922","CLARK",-4.537593e-02, 12,"OHIO", -83.67739,  39.89121
"923","CLARK",-1.581435e-01, 12,"SOUTH DAKOTA", -97.73314,  44.87774
"924","CLARK",NA, 12,"WASHINGTON",-122.51944,  45.74665
"925","CLARK",NA, 12,"WASHINGTON",-122.51944,  45.74665
"926","CLARK",-3.662810e-02, 12,"WISCONSIN", -90.65902,  45.02914
"927","CLARK",NA, 12,"WISCONSIN", -90.65902,  45.02914
"928","WESTON", 2.417453e-02, 12,"WYOMING",-105.33610,  44.63693
"929","JACKSON",NA,  9,"ALABAMA", -87.89444,  31.50905
"930","JACKSON", 1.429556e-01,  9,"ALABAMA", -87.89444,  31.50905
"931","JACKSON",NA,  9,"ARKANSAS", -91.13530,  35.64796
"932","JACKSON",NA,  9,"ARKANSAS", -91.13530,  35.64796
"933","JACKSON",-1.177730e-01,  9,"COLORADO",-106.25221,  40.68192
"934","JACKSON", 6.543141e-02,  9,"FLORIDA", -81.65915,  30.32976
"935","JACKSON", 4.034632e-01,  9,"GEORGIA", -83.96602,  33.29457
"936","JACKSON",-3.798498e-02,  9,"ILLINOIS", -89.32270,  37.72183
"937","JACKSON",-4.071372e-02,  9,"INDIANA", -86.05296,  38.87943
"938","JACKSON", 2.507242e-02,  9,"IOWA", -90.52578,  42.15607
"939","JACKSON",NA,  9,"IOWA", -90.52578,  42.15607
"940","JACKSON",-3.447690e-02,  9,"KANSAS", -95.81429,  39.42414
"941","JACKSON",-7.724990e-04,  9,"KENTUCKY", -83.38351,  37.55315
"942","JACKSON", 1.229240e-02,  9,"LOUISIANA", -91.21761,  30.83740
"943","JACKSON",-5.196741e-02,  9,"MICHIGAN", -84.40135,  42.24587
"944","JACKSON",NA,  9,"MICHIGAN", -84.40135,  42.24587
"945","JACKSON", 3.460806e-03,  9,"MINNESOTA", -94.98675,  43.62086
"946","JACKSON", 3.464605e-02,  9,"MISSISSIPPI", -90.18065,  32.29814
"947","JACKSON",NA,  9,"MISSOURI", -89.66621,  37.38227
"948","JACKSON",-7.103168e-03,  9,"MISSOURI", -89.66621,  37.38227
"949","JACKSON", 6.370820e-02,  9,"NORTH CAROLINA", -77.42136,  36.38960
"950","JACKSON",NA,  9,"NORTH CAROLINA", -77.42136,  36.38960
"951","JACKSON",-4.751273e-02,  9,"OHIO", -82.63655,  39.05202
"952","JACKSON",-1.144123e-01,  9,"OKLAHOMA", -99.45615,  34.58346
"953","JACKSON",-7.338363e-02,  9,"OREGON",-122.96699,  42.31346
"954","JACKSON",NA,  9,"OREGON",-122.96699,  42.31346
"955","JACKSON",-5.114083e-02,  9,"SOUTH DAKOTA",-101.52481,  43.66481
"956","JACKSON",NA,  9,"TENNESSEE", -88.81395,  35.61452
"957","JACKSON",NA,  9,"TENNESSEE", -88.81395,  35.61452
"958","JACK", 3.518874e-02,  9,"TEXAS", -98.22130,  33.25604
"959","JACKSON", 2.757534e-02,  9,"TEXAS", -96.53564,  28.93409
"960","JACKSON",-2.112783e-02,  9,"WEST VIRGINIA", -81.64734,  38.81399
"961","JACKSON", 5.038042e-03,  9,"WISCONSIN", -88.16676,  43.32389
"962","JACKSON",NA,  9,"WISCONSIN", -88.16676,  43.32389
"963","ALEXANDRIA", 1.801674e-01,  7,"VIRGINIA", -77.04353,  38.80469
"964","LAKE", 1.917869e-01,  4,"CALIFORNIA",-122.21320,  40.35507
"965","LAKE", 7.324517e-02,  4,"COLORADO",-100.93652,  32.34976
"966","LAKE", 1.069302e-01,  4,"FLORIDA", -81.77870,  28.70285
"967","LAKE",NA,  4,"ILLINOIS", -87.61864,  42.29046
"968","LAKE",NA,  4,"ILLINOIS", -87.61864,  42.29046
"969","LAKE", 8.591548e-02,  4,"INDIANA", -87.30161,  41.48973
"970","CHARLES", 3.334421e-01,  4,"MARYLAND", -77.10249,  38.52218
"971","LAKE", 1.467785e-02,  4,"MICHIGAN", -87.22202,  43.45010
"972","LAKE",NA,  4,"MICHIGAN", -87.22202,  43.45010
"973","LAKE",-2.390044e-02,  4,"MINNESOTA", -93.83189,  43.84190
"974","LAKE",-8.746819e-03,  4,"MONTANA",-114.13392,  47.67137
"975","LAKE",NA,  4,"MONTANA",-114.13392,  47.67137
"976","LAKE",-2.831157e-02,  4,"OHIO", -81.25188,  41.98153
"977","LAKE",NA,  4,"OHIO", -81.25188,  41.98153
"978","LAKE",-5.915493e-02,  4,"OREGON",-120.56577,  42.69863
"979","LAKE", 9.988347e-03,  4,"SOUTH DAKOTA", -97.17903,  43.94668
"980","LAKE",NA,  4,"SOUTH DAKOTA", -97.17903,  43.94668
"981","LAKE",NA,  4,"TENNESSEE", -89.49312,  36.32707
"982","LAKE",-6.497890e-02,  4,"TENNESSEE", -89.49312,  36.32707
"983","HILL",NA, -1,"MONTANA",-111.16081,  48.78500
"984","HILL",NA, -1,"MONTANA",-111.16081,  48.78500
"985","HILL",-7.124799e-03, -1,"TEXAS", -97.17903,  32.06218
"986","HUNTINGTON",-4.831382e-02,  4,"INDIANA", -85.49640,  40.88336
"987","CHARLES", 3.334421e-01,  4,"MARYLAND", -77.10249,  38.52218
"988","CHARLESTON",NA,  4,"SOUTH CAROLINA", -79.93197,  32.78332
"989","CHARLESTON",NA,  4,"SOUTH CAROLINA", -79.93197,  32.78332
"990","HUNT", 3.355324e-02,  4,"TEXAS", -99.33798,  30.07104
"991","PARK", 5.445841e-02,  6,"COLORADO",-105.59434,  39.08979
"992","PARKE",-4.533066e-02,  6,"INDIANA", -87.14229,  39.69929
"993","PARK",-7.545333e-03,  6,"MONTANA",-110.60825,  45.47885
"994","PARKER", 1.818493e-01,  6,"TEXAS", -96.62194,  33.05540
"995","PARK", 2.227531e-02,  6,"WYOMING",-109.45799,  44.67821
"996","FAYETTE", 6.498375e-02,  3,"ALABAMA", -87.83085,  33.68455
"997","LAFAYETTE",NA,  3,"ARKANSAS", -93.62178,  33.25117
"998","LAFAYETTE", 3.415857e-02,  3,"ARKANSAS", -93.62178,  33.25117
"999","LAFAYETTE", 6.255639e-02,  3,"FLORIDA", -83.20776,  30.02996
"1000","FAYETTE", 1.387831e-02,  3,"GEORGIA", -84.45504,  33.44863
"1001","FAYETTE", 7.435334e-03,  3,"ILLINOIS", -89.01793,  39.06696
"1002","FAYETTE",-7.562315e-02,  3,"INDIANA", -85.14794,  39.59204
"1003","FAYETTE",NA,  3,"IOWA", -91.80211,  42.84193
"1004","FAYETTE", 5.263664e-02,  3,"IOWA", -91.80211,  42.84193
"1005","FAYETTE",NA,  3,"KENTUCKY", -84.48026,  38.06065
"1006","FAYETTE",NA,  3,"KENTUCKY", -84.48026,  38.06065
"1007","LAFAYETTE", 8.073574e-02,  3,"LOUISIANA", -92.01984,  30.22409
"1008","LAFAYETTE", 1.345854e-01,  3,"MISSISSIPPI", -89.47422,  34.41870
"1009","LAFAYETTE", 9.084168e-03,  3,"MISSOURI", -93.98784,  39.00313
"1010","FAYETTE",-6.422252e-02,  3,"OHIO", -84.32689,  41.67338
"1011","FAYETTE",NA,  3,"PENNSYLVANIA", -79.65021,  39.92723
"1012","FAYETTE",NA,  3,"PENNSYLVANIA", -79.65021,  39.92723
"1013","FAYETTE", 2.531396e-01,  3,"TENNESSEE", -89.47422,  35.12574
"1014","FAYETTE", 5.568914e-02,  3,"TEXAS", -96.83510,  29.88964
"1015","FAYETTE",NA,  3,"WEST VIRGINIA", -81.10399,  38.05289
"1016","FAYETTE",NA,  3,"WEST VIRGINIA", -81.10399,  38.05289
"1017","LAFAYETTE", 1.597520e-02,  3,"WISCONSIN", -90.07468,  42.62932
"1018","LAFAYETTE",NA,  3,"WISCONSIN", -90.07468,  42.62932
